Category,Common Treatments,Market Value 2024,Growth Rate CAGR,Key Export Markets
Skin Rejuvenation,"Chemical peels, microdermabrasion, laser resurfacing, radiofrequency treatments, microneedling, plasma therapy",$28.5 billion,9.2%,"North America, Europe, Asia-Pacific"
Injectables,"Botox, dermal fillers (hyaluronic acid, collagen), neurotoxins, PDO threads, biostimulators",$31.2 billion,8.7%,"USA, UK, Germany, Japan, South Korea"
Body Contouring,"Cryolipolysis, RF treatments, ultrasound therapy, electromagnetic stimulation, liposuction alternatives",$18.9 billion,10.5%,"Europe, North America, Brazil, Australia"
Hair & Scalp Aesthetics,"PRP for hair, mesotherapy, laser hair therapy, transplant, micropigmentation",$4.8 billion,12.3%,"Middle East, Asia-Pacific, Europe"
Pigmentation & Acne Treatments,"IPL, laser therapy, chemical peeling, photodynamic therapy, LED therapy",$12.7 billion,11.1%,"Asia-Pacific, North America, Europe"
Advanced Aesthetic Technologies,"Fractional lasers, HIFU, cryotherapy, plasma devices, ultrasonic treatments",$15.3 billion,13.8%,"USA, Germany, Japan, China, UAE"
