Region,Market Size 2024,Projected 2030,CAGR,Key Growth Drivers,Export Opportunities
North America,$38.2 billion,$67.5 billion,9.8%,"Advanced technology adoption, high disposable income","Premium devices, training programs"
Europe,$28.6 billion,$48.9 billion,8.9%,"Aging population, regulatory standardization","Quality assurance, regulatory services"
Asia-Pacific,$19.4 billion,$41.2 billion,13.2%,"Rising income levels, beauty consciousness","Training, franchise opportunities"
Latin America,$6.8 billion,$12.1 billion,10.1%,"Growing middle class, beauty culture","Affordable technologies, education"
Middle East & Africa,$4.2 billion,$8.7 billion,12.8%,"Oil wealth, urbanization","Luxury services, training centers"
